date,electricity_demand,temperature_celsius,rainfall_mm,is_holiday
1/1/2019,414.34,26.17,1.85,0
1/2/2019,399.36,25.07,12.7,0
1/3/2019,391.19,26.81,8.28,0
1/4/2019,433.55,28.73,5.96,0
1/5/2019,428.43,25.39,2.98,1
1/6/2019,417.23,25.56,6.53,1
1/7/2019,443.44,29.36,1.75,0
1/8/2019,399.71,27.91,5.43,0
1/9/2019,408.87,25.6,4.52,0
1/10/2019,475.9,27.8,0.68,0
1/11/2019,428.24,25.96,5.65,0
1/12/2019,433.41,26.12,1.98,1
1/13/2019,460.03,27.7,9.77,1
1/14/2019,389.23,23.56,6.84,0
1/15/2019,408.9,24.1,1.66,0
1/16/2019,396.8,26.6,9.47,0
1/17/2019,408.01,25.86,12.56,0
1/18/2019,455.73,28.68,4.09,0
1/19/2019,428,26.4,4.5,1
1/20/2019,399.16,25.55,8.84,1
1/21/2019,449.82,31.47,11.94,0
1/22/2019,462.68,28.25,0.93,0
1/23/2019,411.33,28.99,1.85,0
1/24/2019,430.58,26.17,3.57,0
1/25/2019,436.01,28.08,3.9,0
1/26/2019,438.6,29.55,8.67,1
1/27/2019,411.02,27.18,11.99,1
1/28/2019,441.64,30.39,12.59,0
1/29/2019,443.81,28.59,0.9,0
1/30/2019,445.62,29.35,2.48,0
1/31/2019,429.01,28.88,3.04,0
2/1/2019,452.72,33.94,2.47,0
2/2/2019,421.28,30.35,6.83,1
2/3/2019,443.77,28.41,7.43,1
2/4/2019,473.09,32.31,5.02,0
2/5/2019,419.15,28.37,4.67,0
2/6/2019,426.59,31.36,3.7,0
2/7/2019,434.24,27.17,4.06,0
2/8/2019,423.92,28.56,14.1,0
2/9/2019,453.52,31.75,8.21,1
2/10/2019,471.95,32.96,3.82,1
2/11/2019,454.56,31.96,4.6,0
2/12/2019,441.35,31.51,6.94,0
2/13/2019,468.03,31.27,1.65,0
2/14/2019,470.6,29.04,5.57,0
2/15/2019,411.95,30.68,7.9,0
2/16/2019,480.62,31.32,7.2,1
2/17/2019,488.87,34.47,2.53,1
2/18/2019,480.69,33.16,2.96,0
2/19/2019,454.98,29.06,0.58,0
2/20/2019,450.64,33.34,8.49,0
2/21/2019,435.36,32.03,18.1,0
2/22/2019,447.43,31.56,2.22,0
2/23/2019,458.39,34.24,10.59,1
2/24/2019,473.92,35.18,17.07,1
2/25/2019,455.91,35.08,3.41,0
2/26/2019,458.6,31.63,4.6,0
2/27/2019,452.3,32.79,6.05,0
2/28/2019,421.78,34.16,7.04,0
3/1/2019,456.5,35.54,6.29,0
3/2/2019,481.34,32.72,3.63,1
3/3/2019,465.22,33.39,7.81,1
3/4/2019,412.54,31.63,3.7,0
3/5/2019,464.23,31.53,6.61,0
3/6/2019,470.87,35.62,4.89,0
3/7/2019,488.98,36.78,0.8,0
3/8/2019,439.58,34,11.65,0
3/9/2019,503,36.22,3.03,1
3/10/2019,497.64,35,12.44,1
3/11/2019,433.6,33.05,10.31,0
3/12/2019,488.78,35.12,5.92,0
3/13/2019,479.03,37.53,7.3,0
3/14/2019,443.28,34.44,7.94,0
3/15/2019,513.1,37.69,4.27,0
3/16/2019,463.86,29.37,4.44,1
3/17/2019,496.31,36.3,7.67,1
3/18/2019,460.48,34.87,4.93,0
3/19/2019,451.49,34.14,3.64,0
3/20/2019,472.2,34.96,2.56,0
3/21/2019,464.42,30.84,6.75,0
3/22/2019,461.49,34.41,2.94,0
3/23/2019,479.26,35.59,9.14,1
3/24/2019,511.77,37.86,9.67,1
3/25/2019,450.4,33.89,7.26,0
3/26/2019,457.55,33.33,8.37,0
3/27/2019,468.38,33.96,7.28,0
3/28/2019,463.5,36.8,8.78,0
3/29/2019,465.8,35.64,8.53,0
3/30/2019,486.6,33.93,6.49,1
3/31/2019,473.32,36.02,10.4,1
4/1/2019,479.42,35.19,4.39,0
4/2/2019,471.21,36.94,2.63,0
4/3/2019,452.8,33.59,2.52,0
4/4/2019,440.96,34.33,3.9,0
4/5/2019,462.09,34.19,0.67,0
4/6/2019,456.22,32.04,5.87,1
4/7/2019,475.68,35.54,8.01,1
4/8/2019,467.29,35.45,9.58,0
4/9/2019,446.72,34.92,1,0
4/10/2019,437.29,34.42,2.59,0
4/11/2019,431.01,32.03,8.95,0
4/12/2019,468.29,33.99,4.29,0
4/13/2019,479.11,34.11,7.89,1
4/14/2019,471.16,33.16,1.57,1
4/15/2019,464.86,34.4,12.34,0
4/16/2019,464.66,35.49,1.45,0
4/17/2019,487.48,38.41,5.75,0
4/18/2019,457.53,34.94,5.86,0
4/19/2019,455.57,35.05,3.33,0
4/20/2019,468.44,34.33,7.08,1
4/21/2019,469.51,30.59,7.22,1
4/22/2019,463.64,34.32,6.68,0
4/23/2019,480.11,34.43,3.28,0
4/24/2019,495.74,39.17,2.76,0
4/25/2019,437.64,33.79,3.58,0
4/26/2019,500.38,34.71,2.44,0
4/27/2019,474.01,33.96,10.72,1
4/28/2019,478.16,31.62,3.83,1
4/29/2019,463.93,36.17,5.63,0
4/30/2019,475.37,35.3,8.92,0
5/1/2019,455.42,35.3,2.34,0
5/2/2019,465.43,31.81,1.39,0
5/3/2019,445.65,36.35,2.45,0
5/4/2019,471.23,30.65,6.09,1
5/5/2019,464.9,34.53,5.79,1
5/6/2019,479.04,37.64,6.67,0
5/7/2019,467.06,31.18,4.61,0
5/8/2019,471.49,31.93,0.25,0
5/9/2019,475.18,33.16,4.5,0
5/10/2019,456.56,31.85,9.75,0
5/11/2019,437.42,29.65,11.48,1
5/12/2019,482.15,32.78,5.35,1
5/13/2019,414.53,30.4,5.8,0
5/14/2019,440.92,33.36,7.78,0
5/15/2019,450.65,30.46,11.26,0
5/16/2019,460.6,35.28,5,0
5/17/2019,409.01,30.49,7.71,0
5/18/2019,500.34,31.29,3.16,1
5/19/2019,492.4,33.43,1.61,1
5/20/2019,450.68,29.22,3.44,0
5/21/2019,419.33,32.01,13,0
5/22/2019,458.8,34.03,7.82,0
5/23/2019,440.71,28.07,1.76,0
5/24/2019,429.14,31.52,8.07,0
5/25/2019,471.35,31.54,1.89,1
5/26/2019,446.49,32.44,6.6,1
5/27/2019,431.6,28.26,2.26,0
5/28/2019,451.06,27.95,1.66,0
5/29/2019,417.39,31.5,14.44,0
5/30/2019,475.45,30.9,3.83,0
5/31/2019,416.33,30.66,7.72,0
6/1/2019,459.3,30.71,5.16,1
6/2/2019,448.59,28.5,2.04,1
6/3/2019,439.85,30.18,4.17,0
6/4/2019,467.19,30.15,2.05,0
6/5/2019,382.37,27.98,21.37,0
6/6/2019,440.75,32.98,8.7,0
6/7/2019,449.85,30.04,5.09,0
6/8/2019,439.3,26.55,7.43,1
6/9/2019,456.45,30.09,8.31,1
6/10/2019,402.2,26.67,8.33,0
6/11/2019,432.91,30.03,8.08,0
6/12/2019,454.71,30.61,7.66,0
6/13/2019,397.5,26.49,5.4,0
6/14/2019,411.57,29.89,13.72,0
6/15/2019,424.57,28.63,5.67,1
6/16/2019,464.06,29.28,5.2,1
6/17/2019,463.3,31.26,5.7,0
6/18/2019,419.3,26.81,6.01,0
6/19/2019,411.04,25.63,1.01,0
6/20/2019,406.44,25.19,2.43,0
6/21/2019,412.15,25.17,4.61,0
6/22/2019,445.95,26.47,0.95,1
6/23/2019,459.22,27.14,5.08,1
6/24/2019,412.28,26.84,5.95,0
6/25/2019,442.31,27.77,1.54,0
6/26/2019,419.33,25.97,2.97,0
6/27/2019,408.66,28.68,11.79,0
6/28/2019,405.44,25.07,7.49,0
6/29/2019,465.02,30.87,7.19,1
6/30/2019,444.59,26.51,10.84,1
7/1/2019,408.14,23.37,2.47,0
7/2/2019,392.72,22.77,1.54,0
7/3/2019,423.77,25.71,9.88,0
7/4/2019,397.72,24.12,4.71,0
7/5/2019,428.22,25.83,2.41,0
7/6/2019,443.49,25.17,1,1
7/7/2019,425.67,23.91,5.75,1
7/8/2019,395.05,22.19,4.3,0
7/9/2019,405.24,20.68,3.74,0
7/10/2019,358.72,22.65,0.39,0
7/11/2019,415.27,25.08,13.6,0
7/12/2019,401.94,23.63,1.26,0
7/13/2019,420.75,20.54,4.04,1
7/14/2019,434.35,23.21,3.51,1
7/15/2019,421.18,23.47,7.64,0
7/16/2019,404.75,20.76,1.01,0
7/17/2019,386.89,22.67,7.01,0
7/18/2019,375.96,22.31,5.77,0
7/19/2019,387.8,19.75,2.85,0
7/20/2019,389.87,22.58,6.84,1
7/21/2019,414.56,22.83,5.07,1
7/22/2019,382.66,23.71,15.75,0
7/23/2019,398.51,23.49,4.3,0
7/24/2019,388.69,18.47,2.14,0
7/25/2019,378.28,19.19,7.06,0
7/26/2019,397,21.94,3.88,0
7/27/2019,382.53,21.78,5,1
7/28/2019,405.6,21.62,1.55,1
7/29/2019,434.92,28.15,7.73,0
7/30/2019,412.43,21.43,3.39,0
7/31/2019,372.26,22.41,6.1,0
8/1/2019,360.58,21.9,18.34,0
8/2/2019,413.58,21.14,4.1,0
8/3/2019,387.6,19.06,8.47,1
8/4/2019,414.99,21.07,4.33,1
8/5/2019,405.15,17.86,2.88,0
8/6/2019,364.4,18.79,12.06,0
8/7/2019,381.8,18.15,0.7,0
8/8/2019,373.37,19.15,10.01,0
8/9/2019,444,23.48,0.59,0
8/10/2019,382.95,14.98,9.31,1
8/11/2019,409.94,19.95,5.06,1
8/12/2019,363.97,15.22,2.14,0
8/13/2019,387.79,17.38,3.58,0
8/14/2019,395.43,20.37,8.16,0
8/15/2019,340.43,18.2,17.23,0
8/16/2019,387.12,15.79,1.06,0
8/17/2019,395.17,16.39,2.26,1
8/18/2019,412.86,19.06,1.41,1
8/19/2019,358.77,16.13,4.3,0
8/20/2019,364.56,17.91,9.49,0
8/21/2019,369.36,17.45,1.22,0
8/22/2019,353.66,15.95,4.95,0
8/23/2019,394.25,21.43,9.28,0
8/24/2019,399.12,18.31,3.54,1
8/25/2019,353.31,12.88,5.81,1
8/26/2019,395.74,17.21,11.48,0
8/27/2019,356.41,15.41,1.89,0
8/28/2019,406.53,18.35,0.79,0
8/29/2019,339.98,14.96,6.34,0
8/30/2019,375.04,16.23,6.47,0
8/31/2019,396.45,17.38,3.34,1
9/1/2019,395.01,18.01,2.81,1
9/2/2019,361.68,13.8,5.13,0
9/3/2019,374.46,15.45,1.86,0
9/4/2019,359.54,15.09,1.86,0
9/5/2019,344.19,14.66,8.12,0
9/6/2019,370.04,19.42,1.74,0
9/7/2019,406.05,16.63,0.85,1
9/8/2019,361.75,13.24,2.81,1
9/9/2019,380.89,17.53,3.41,0
9/10/2019,394.24,19.88,7.01,0
9/11/2019,385.26,17.64,3.02,0
9/12/2019,325.98,12.48,12.78,0
9/13/2019,375.43,14.49,5.34,0
9/14/2019,398.66,17.95,2.48,1
9/15/2019,356.13,13.95,6.8,1
9/16/2019,351.53,16.21,12.63,0
9/17/2019,377.01,16.83,7.97,0
9/18/2019,354.52,13.39,1.15,0
9/19/2019,381.29,15.08,3.66,0
9/20/2019,319.82,8.69,6.03,0
9/21/2019,360.47,13.09,7.74,1
9/22/2019,368.7,14.61,4.32,1
9/23/2019,365.51,12.59,3.86,0
9/24/2019,359.52,18.33,15.67,0
9/25/2019,330.15,12.19,8.05,0
9/26/2019,351.19,14.15,6.82,0
9/27/2019,324.08,15.28,3.13,0
9/28/2019,417.47,17.89,1.83,1
9/29/2019,364.3,12.13,6.9,1
9/30/2019,333.21,17.33,8.66,0
10/1/2019,343.3,15.02,4.98,0
10/2/2019,342.75,13.04,8.06,0
10/3/2019,343.53,15.93,8.21,0
10/4/2019,370.84,15.41,9.06,0
10/5/2019,393.16,13.83,1.12,1
10/6/2019,393.81,15.18,3.74,1
10/7/2019,317.97,14.29,7.2,0
10/8/2019,358.25,15.3,5.2,0
10/9/2019,355.21,16.42,8.22,0
10/10/2019,363.55,18.3,6.81,0
10/11/2019,356.3,12.68,0.44,0
10/12/2019,379.24,19.45,10.57,1
10/13/2019,373.08,11.32,3.37,1
10/14/2019,381.58,14.96,2.35,0
10/15/2019,371.92,16.48,10.33,0
10/16/2019,361.87,15.9,7.79,0
10/17/2019,378.07,14.14,11.32,0
10/18/2019,380.04,15.02,6.08,0
10/19/2019,383.59,14.5,3.7,1
10/20/2019,373.44,14.37,5.58,1
10/21/2019,402.62,17.3,1.98,0
10/22/2019,394.24,16.38,1.38,0
10/23/2019,344.66,14.34,2.94,0
10/24/2019,377.03,17.59,13.6,0
10/25/2019,373.65,16.47,3.2,0
10/26/2019,393.12,17.56,0.87,1
10/27/2019,367.79,17.26,4.42,1
10/28/2019,361.75,14.42,3.16,0
10/29/2019,353.62,15.04,10.7,0
10/30/2019,386.55,17.74,12.97,0
10/31/2019,394.96,17.55,3.56,0
11/1/2019,360.95,16.37,6.08,0
11/2/2019,396.62,16.74,6.45,1
11/3/2019,418.51,19.15,4.81,1
11/4/2019,370.5,15.51,4.16,0
11/5/2019,376.18,17.88,2.21,0
11/6/2019,372.99,16.48,0.72,0
11/7/2019,384.15,16.55,2.19,0
11/8/2019,393.27,19.29,4.68,0
11/9/2019,407.4,18.85,1.22,1
11/10/2019,363.68,18.93,5.85,1
11/11/2019,370.23,20.03,5.27,0
11/12/2019,390.82,17.57,3.17,0
11/13/2019,355.05,19.01,4.02,0
11/14/2019,400.54,17.14,1.47,0
11/15/2019,390.3,18.53,8.95,0
11/16/2019,391.65,17.75,8.85,1
11/17/2019,417.1,18.32,1.74,1
11/18/2019,401.58,19.45,1.79,0
11/19/2019,377.54,16.75,2.22,0
11/20/2019,377.98,22.7,7.45,0
11/21/2019,384.8,16.63,6.44,0
11/22/2019,382.36,16.35,10.25,0
11/23/2019,385.96,21.23,11.04,1
11/24/2019,399.8,20.64,1.11,1
11/25/2019,385.61,20.44,7.27,0
11/26/2019,372.07,20.59,10.74,0
11/27/2019,391.8,19.45,3.81,0
11/28/2019,397.43,17.83,4.91,0
11/29/2019,357.19,19.92,4.35,0
11/30/2019,427.5,18.56,4.51,1
12/1/2019,406.1,22.01,8.93,1
12/2/2019,376.67,19.92,15.3,0
12/3/2019,377.88,18.71,12.49,0
12/4/2019,403.82,19.87,3.29,0
12/5/2019,396.24,21.5,6.09,0
12/6/2019,397.86,19.7,2.54,0
12/7/2019,415.49,19.34,2.77,1
12/8/2019,409.21,21.63,4.74,1
12/9/2019,377.18,21.79,2.71,0
12/10/2019,377.81,20.45,3.07,0
12/11/2019,389.88,20.68,5.99,0
12/12/2019,385.06,22.25,7.2,0
12/13/2019,369.39,19.05,7.06,0
12/14/2019,429.27,19.3,7.11,1
12/15/2019,433.95,20.84,1.58,1
12/16/2019,401.14,22.02,2.59,0
12/17/2019,415.96,23.24,5.15,0
12/18/2019,401.53,25.73,10.41,0
12/19/2019,383.22,24.66,20.88,0
12/20/2019,408.07,22.8,6.27,0
12/21/2019,413.29,23.25,8.35,1
12/22/2019,414.18,21.45,1.4,1
12/23/2019,419.93,23.59,8.19,0
12/24/2019,390.58,23.22,17.37,0
12/25/2019,384.09,24.61,2.58,0
12/26/2019,396.09,22.49,3.16,0
12/27/2019,396.79,25.35,9.12,0
12/28/2019,438.23,27.55,5.1,1
12/29/2019,453.84,24.44,0.64,1
12/30/2019,421.8,25.63,3.32,0
12/31/2019,385.19,26.38,12.93,0
1/1/2020,408.11,24.37,4,0
1/2/2020,429.1,25.79,3.99,0
1/3/2020,406.96,25.54,8.73,0
1/4/2020,426.87,25.88,6.44,1
1/5/2020,438.89,24.31,3.82,1
1/6/2020,448.71,26.08,2.98,0
1/7/2020,388.26,27.2,27.33,0
1/8/2020,442.82,29.28,11.54,0
1/9/2020,419.43,28.46,7.11,0
1/10/2020,440.1,31.02,7.43,0
1/11/2020,437.25,25.35,4.53,1
1/12/2020,453,28.8,6.38,1
1/13/2020,436.21,27.59,4.16,0
1/14/2020,440.3,31.77,2.37,0
1/15/2020,426.27,25.94,6.56,0
1/16/2020,398.02,26.04,3.88,0
1/17/2020,399.77,26.69,6.81,0
1/18/2020,455.57,23.8,7.74,1
1/19/2020,434.02,27.16,7.07,1
1/20/2020,440.82,26.86,2.2,0
1/21/2020,462.56,28.84,3.55,0
1/22/2020,404.3,29.38,3.94,0
1/23/2020,460.32,32.61,9.81,0
1/24/2020,445.38,30.92,9.47,0
1/25/2020,479.25,28.02,2.72,1
1/26/2020,436.86,27.53,1.54,1
1/27/2020,431.06,30.47,21.52,0
1/28/2020,410.14,27,6.87,0
1/29/2020,480.4,33.45,1.34,0
1/30/2020,454.71,32.3,3.12,0
1/31/2020,437.12,29.15,10.09,0
2/1/2020,418.3,26.81,18.23,1
2/2/2020,425.23,33.09,16.31,1
2/3/2020,391.34,30.3,6.67,0
2/4/2020,458.84,33.14,5.01,0
2/5/2020,430.12,27.62,2.01,0
2/6/2020,444.04,29.75,5.34,0
2/7/2020,447.15,31.1,2.27,0
2/8/2020,499.68,31.31,3.58,1
2/9/2020,457.5,30.45,9.12,1
2/10/2020,448.67,32.73,4.15,0
2/11/2020,444.61,29.48,3.93,0
2/12/2020,441.25,31.46,4.81,0
2/13/2020,414.81,32.11,23.57,0
2/14/2020,443.23,33.02,1.81,0
2/15/2020,475.24,33.54,6.17,1
2/16/2020,432.02,29.99,15.37,1
2/17/2020,419.99,29.29,4.8,0
2/18/2020,481.97,35.03,11.39,0
2/19/2020,447.12,33.25,1.43,0
2/20/2020,447.58,31.2,4.25,0
2/21/2020,462.49,35.91,2.5,0
2/22/2020,480.64,33.14,4.76,1
2/23/2020,468.07,35.37,4.84,1
2/24/2020,468.4,33.25,5.23,0
2/25/2020,499.11,37.34,9.06,0
2/26/2020,470.78,36.82,0.37,0
2/27/2020,476.8,32.91,3,0
2/28/2020,459.75,35.44,5.86,0
2/29/2020,515.61,34.88,0.68,1
3/1/2020,519.28,36.41,7.8,1
3/2/2020,449.74,31.83,2.95,0
3/3/2020,444.62,35.21,4.32,0
3/4/2020,475.72,36.04,9.34,0
3/5/2020,432.28,30.48,11.74,0
3/6/2020,450.1,31.7,7.97,0
3/7/2020,461.69,30.06,1.76,1
3/8/2020,459.69,33.67,7.7,1
3/9/2020,479.84,35.71,8.06,0
3/10/2020,477.54,37.34,6.99,0
3/11/2020,425.03,34.55,13.02,0
3/12/2020,488.21,37.71,5.33,0
3/13/2020,440.66,31.75,12.69,0
3/14/2020,445.61,31.16,12.64,1
3/15/2020,500.36,34.5,8.22,1
3/16/2020,455.38,35.43,6.24,0
3/17/2020,456.61,34.64,7.02,0
3/18/2020,434.77,30.61,14.9,0
3/19/2020,453.34,34.6,10.4,0
3/20/2020,436.31,32.2,1.97,0
3/21/2020,490.27,36.18,6.7,1
3/22/2020,487.05,35.61,2.38,1
3/23/2020,472.2,33.02,2.88,0
3/24/2020,464.34,33.89,3.7,0
3/25/2020,462.95,32.82,1.29,0
3/26/2020,453.96,34.83,2.24,0
3/27/2020,453.98,36.88,13.49,0
3/28/2020,493.9,33.01,2.86,1
3/29/2020,470.17,36,9.09,1
3/30/2020,457.81,33.94,5.7,0
3/31/2020,438.1,33.41,7.46,0
4/1/2020,440.79,34.79,7.69,0
4/2/2020,459.05,32.92,2.15,0
4/3/2020,453.9,33.88,9.06,0
4/4/2020,509.66,32.58,1.58,1
4/5/2020,502.13,38.9,2.76,1
4/6/2020,459.14,35.02,7.61,0
4/7/2020,444.87,33.53,2.02,0
4/8/2020,484.68,35.34,0.6,0
4/9/2020,466.32,34.66,6.48,0
4/10/2020,492.3,34.42,1.06,0
4/11/2020,500.73,36.06,8.12,1
4/12/2020,498.99,36.31,3.92,1
4/13/2020,448.62,33.7,6.41,0
4/14/2020,458.26,33.57,6.33,0
4/15/2020,451.9,34.13,8.54,0
4/16/2020,448.92,30.03,7.77,0
4/17/2020,466.17,31.56,2.01,0
4/18/2020,493.68,37.27,4.11,1
4/19/2020,474.12,37.77,6.41,1
4/20/2020,463.96,33.93,12.84,0
4/21/2020,470.7,35.52,7.82,0
4/22/2020,445.63,34.93,12.11,0
4/23/2020,496.84,40.4,6.65,0
4/24/2020,462.14,36.41,10.53,0
4/25/2020,496.97,33.85,6.03,1
4/26/2020,431.19,32.12,10.24,1
4/27/2020,440.25,30.75,3.76,0
4/28/2020,467.77,34.29,13.83,0
4/29/2020,455.49,32.29,7.2,0
4/30/2020,478.35,30.87,1.3,0
5/1/2020,430.24,32.34,6.56,0
5/2/2020,477.31,31.38,7.83,1
5/3/2020,500.77,36.83,9.27,1
5/4/2020,416.33,35.12,17.03,0
5/5/2020,455.23,33.25,3.29,0
5/6/2020,444.82,36.13,17.1,0
5/7/2020,431.78,33.22,5.01,0
5/8/2020,446.8,31.24,2.64,0
5/9/2020,505.92,35.9,3.35,1
5/10/2020,468.25,33.83,7.51,1
5/11/2020,451.84,30.56,2.31,0
5/12/2020,456.85,32.15,3.81,0
5/13/2020,440.23,30.66,6.45,0
5/14/2020,409.56,29.53,13.76,0
5/15/2020,461.85,34.03,9.09,0
5/16/2020,465.23,35.87,5.17,1
5/17/2020,450.83,29.14,7.49,1
5/18/2020,473.46,32.93,5.99,0
5/19/2020,441.71,30.38,1.74,0
5/20/2020,411.28,30.58,15.35,0
5/21/2020,434.26,30.24,13.9,0
5/22/2020,440.81,29.56,4.72,0
5/23/2020,480.54,31.25,3.45,1
5/24/2020,463.8,29.35,1.78,1
5/25/2020,405.63,31.42,7.82,0
5/26/2020,455.17,30.64,7.86,0
5/27/2020,476.67,30.12,2.49,0
5/28/2020,450.36,28.64,6.05,0
5/29/2020,374.89,29.15,8.9,0
5/30/2020,478.61,31.67,3.25,1
5/31/2020,459.52,31.01,4.28,1
6/1/2020,414.79,27.91,4.24,0
6/2/2020,446.13,29.91,2.63,0
6/3/2020,444.38,31.06,4.35,0
6/4/2020,435.8,26.07,1.08,0
6/5/2020,444.39,30.34,4.07,0
6/6/2020,433.79,27.77,4.12,1
6/7/2020,452.21,30.08,4.76,1
6/8/2020,410.99,27.25,7.1,0
6/9/2020,396.01,25.01,1.64,0
6/10/2020,401.53,25.2,1.95,0
6/11/2020,433.64,28.39,2.57,0
6/12/2020,461.66,28.65,1.47,0
6/13/2020,427.41,26.16,7.68,1
6/14/2020,447.76,29.08,3.14,1
6/15/2020,394.09,24.31,4.88,0
6/16/2020,432.39,27.34,2.38,0
6/17/2020,434.63,24.88,3.73,0
6/18/2020,446.68,25.83,6.26,0
6/19/2020,426.63,27.06,6.48,0
6/20/2020,443.42,25.08,2.03,1
6/21/2020,431.75,25.86,4.69,1
6/22/2020,431.87,28.47,2.42,0
6/23/2020,425.98,25.13,4.56,0
6/24/2020,428.38,27.79,2.92,0
6/25/2020,384.02,23.69,15.99,0
6/26/2020,416.06,26.83,8.86,0
6/27/2020,440.19,28.49,6.69,1
6/28/2020,413.32,20.49,4,1
6/29/2020,369.95,23.66,9.04,0
6/30/2020,429.83,26.24,4.8,0
7/1/2020,427.96,24.51,14.93,0
7/2/2020,399.81,25.48,9.66,0
7/3/2020,415,23.36,3.71,0
7/4/2020,427.98,24.57,13.82,1
7/5/2020,450.75,23.91,4.01,1
7/6/2020,394.8,26.39,16.59,0
7/7/2020,366.29,24.39,14.31,0
7/8/2020,413.48,24.39,6.23,0
7/9/2020,413.27,22.72,1.13,0
7/10/2020,395.02,22.4,5.89,0
7/11/2020,426,22.34,1.84,1
7/12/2020,435.27,23.82,3,1
7/13/2020,409.16,22.02,3.19,0
7/14/2020,417.53,23.28,1.83,0
7/15/2020,418.33,26.68,5.9,0
7/16/2020,420.89,24.11,2.7,0
7/17/2020,395.13,21.55,4.16,0
7/18/2020,445.38,24.44,3.21,1
7/19/2020,401.62,21.05,7.12,1
7/20/2020,375.73,17.63,6.76,0
7/21/2020,365.48,19.53,3.9,0
7/22/2020,367.92,17.64,7.37,0
7/23/2020,388.25,20.52,11.43,0
7/24/2020,389.02,21.1,0.49,0
7/25/2020,430.37,24.26,3.06,1
7/26/2020,386.58,21.4,2.18,1
7/27/2020,374.59,20.16,2.83,0
7/28/2020,393.15,22.1,0.38,0
7/29/2020,379.93,15.87,0.46,0
7/30/2020,401.44,20.61,3.3,0
7/31/2020,400.35,21.53,3.23,0
8/1/2020,373.6,16.88,12.53,1
8/2/2020,413.08,21.98,5.57,1
8/3/2020,397.39,20.22,7.24,0
8/4/2020,314.4,18.57,40.83,0
8/5/2020,367.44,20.53,15.1,0
8/6/2020,428.07,23.66,4.83,0
8/7/2020,418.93,19.35,3.53,0
8/8/2020,391.83,19.34,3.1,1
8/9/2020,404.03,17.79,6.39,1
8/10/2020,423.64,16.88,3.56,0
8/11/2020,401.2,20.11,1.78,0
8/12/2020,378.37,16.61,3.2,0
8/13/2020,377.8,18.34,6.52,0
8/14/2020,376.61,17.11,8.15,0
8/15/2020,393.59,18.9,16.12,1
8/16/2020,383,18.49,5.39,1
8/17/2020,374.73,19.78,11.89,0
8/18/2020,340.23,16.57,4.28,0
8/19/2020,372.02,16.93,4.76,0
8/20/2020,354.35,15.4,4.56,0
8/21/2020,375.14,16.36,5.88,0
8/22/2020,366.29,17.9,9.18,1
8/23/2020,398.21,18.55,3.44,1
8/24/2020,385.38,15.09,2.29,0
8/25/2020,363.35,18.57,9.69,0
8/26/2020,350.23,19.45,9.22,0
8/27/2020,364.91,17.47,13.15,0
8/28/2020,386.69,20.3,3.01,0
8/29/2020,383.43,14.91,4.16,1
8/30/2020,358.57,13.88,9.94,1
8/31/2020,386.44,12.73,3.4,0
9/1/2020,356.76,19.19,7.91,0
9/2/2020,421.05,17.43,4.3,0
9/3/2020,361.07,15.93,6.36,0
9/4/2020,381.9,16.53,1.74,0
9/5/2020,368.92,13.64,5.34,1
9/6/2020,391.78,20.72,11.28,1
9/7/2020,350.99,16.02,8.66,0
9/8/2020,384.27,15.91,2.15,0
9/9/2020,333.69,17.08,15.28,0
9/10/2020,366.51,16.53,10.81,0
9/11/2020,343.41,15.96,1.82,0
9/12/2020,387.08,13.88,3.22,1
9/13/2020,410.67,16.36,1.92,1
9/14/2020,363.54,19.13,6.49,0
9/15/2020,394.04,18.01,3.1,0
9/16/2020,391.8,18.47,0.65,0
9/17/2020,385.59,14.22,4.74,0
9/18/2020,334.44,13.22,9.43,0
9/19/2020,425.99,14.92,5.42,1
9/20/2020,345.57,15.25,7.41,1
9/21/2020,369.94,17.3,5.81,0
9/22/2020,316.23,11.7,8.41,0
9/23/2020,405.99,18.13,6.2,0
9/24/2020,360.66,14.73,4.54,0
9/25/2020,357.58,14.18,5.37,0
9/26/2020,364.69,13,13.47,1
9/27/2020,363.01,11.7,7.71,1
9/28/2020,370.06,16.65,2.15,0
9/29/2020,346.28,15.15,5.31,0
9/30/2020,351.81,12.42,6.41,0
10/1/2020,358.9,12.41,4.42,0
10/2/2020,380.8,14.34,0.65,0
10/3/2020,435.75,18.35,2.35,1
10/4/2020,352.81,14.51,3.56,1
10/5/2020,326.25,12.03,16.45,0
10/6/2020,376.45,14.57,7.13,0
10/7/2020,368.63,14.53,1.08,0
10/8/2020,304.17,9.71,4.65,0
10/9/2020,331.54,15.02,12.09,0
10/10/2020,392.27,14.69,3.06,1
10/11/2020,386.89,16.58,10.2,1
10/12/2020,402.44,18.92,1.12,0
10/13/2020,375.65,17.51,0.1,0
10/14/2020,355.23,14.76,11.24,0
10/15/2020,344.64,13.13,3.41,0
10/16/2020,399.29,20.54,3.64,0
10/17/2020,387.03,15.56,5.77,1
10/18/2020,371.37,15.52,6.95,1
10/19/2020,400.39,15.5,0.23,0
10/20/2020,348.68,16,2.86,0
10/21/2020,364.28,15.37,5.23,0
10/22/2020,346.37,14.58,6.94,0
10/23/2020,396.75,14.7,2.12,0
10/24/2020,399.46,15.79,4.24,1
10/25/2020,378.37,14.84,3.06,1
10/26/2020,356.86,14.58,5.92,0
10/27/2020,387.45,16.29,10.97,0
10/28/2020,356.44,15.65,3.81,0
10/29/2020,367.08,19.25,1.35,0
10/30/2020,354.03,11.02,2.72,0
10/31/2020,387.32,18.6,15.18,1
11/1/2020,420.24,18.99,2.36,1
11/2/2020,369.05,12.45,1.64,0
11/3/2020,399.34,16,3.62,0
11/4/2020,345.15,16.04,4.65,0
11/5/2020,345.87,14.07,3.22,0
11/6/2020,384.83,15.43,1.13,0
11/7/2020,365.06,14.87,6.35,1
11/8/2020,389.81,20.7,5.92,1
11/9/2020,407.49,19.18,8.19,0
11/10/2020,363.85,19.96,5.83,0
11/11/2020,360.88,18.97,14.36,0
11/12/2020,358.76,15.39,8.64,0
11/13/2020,388.28,16.71,7.46,0
11/14/2020,363.8,18.86,11.24,1
11/15/2020,392.91,15.56,5.56,1
11/16/2020,375.79,19.56,4.31,0
11/17/2020,385.69,17.77,6.3,0
11/18/2020,373.35,17.63,0.61,0
11/19/2020,412.11,19.94,5.58,0
11/20/2020,374.87,19.53,4.64,0
11/21/2020,359.74,18.06,6.81,1
11/22/2020,393.9,21.23,10.22,1
11/23/2020,365.3,16.89,7.62,0
11/24/2020,412.89,20.42,2.73,0
11/25/2020,365.52,20.52,9.1,0
11/26/2020,346.71,18.86,14.5,0
11/27/2020,394.97,20.27,10.4,0
11/28/2020,382.73,17.26,1.48,1
11/29/2020,411,21.76,7.56,1
11/30/2020,392.65,19.69,1.72,0
12/1/2020,391.14,19.17,3.98,0
12/2/2020,387.74,22.46,6.66,0
12/3/2020,369.56,19.11,6.04,0
12/4/2020,373.78,17.86,10.26,0
12/5/2020,366.05,17.71,14.54,1
12/6/2020,396.28,22.2,7.15,1
12/7/2020,403.85,18.58,3.74,0
12/8/2020,430.08,24.81,0.65,0
12/9/2020,388.93,17.3,12.04,0
12/10/2020,427.52,25.02,4.66,0
12/11/2020,382.31,22.21,4.86,0
12/12/2020,419.91,21.76,5.16,1
12/13/2020,396.05,21.03,6.92,1
12/14/2020,376.49,23.08,7.07,0
12/15/2020,397.08,22.37,4.03,0
12/16/2020,429.57,24.82,4.63,0
12/17/2020,413.15,23.01,3.01,0
12/18/2020,389.93,23.25,2.73,0
12/19/2020,419.28,22.39,2.72,1
12/20/2020,424.56,23.17,4.58,1
12/21/2020,390.49,24.07,2.27,0
12/22/2020,411.58,20.21,0.08,0
12/23/2020,394.71,21.1,3.68,0
12/24/2020,403.27,25.46,1.58,0
12/25/2020,389.83,24.48,5.44,0
12/26/2020,450.23,23.94,3,1
12/27/2020,422.93,24.52,6.98,1
12/28/2020,441.15,25.35,1.73,0
12/29/2020,440.68,23.75,0.82,0
12/30/2020,423.28,23.44,4.64,0
12/31/2020,412.71,25.56,3.56,0
1/1/2021,375.74,23.22,1.44,0
1/2/2021,438.2,26.16,8.65,1
1/3/2021,457.86,22.11,2.04,1
1/4/2021,432.97,27.75,2.62,0
1/5/2021,384.56,26.8,9.81,0
1/6/2021,408.04,26.54,7.27,0
1/7/2021,434.43,28.17,1.83,0
1/8/2021,424.4,29.7,3.83,0
1/9/2021,421.1,28.57,1.65,1
1/10/2021,415.05,23.03,9.32,1
1/11/2021,391.21,24.32,9.32,0
1/12/2021,423.68,25.8,15.96,0
1/13/2021,397.74,27.27,20.07,0
1/14/2021,443.22,28.42,2.97,0
1/15/2021,412.13,26.1,8.3,0
1/16/2021,460.52,28.09,0.68,1
1/17/2021,415.58,26.37,5.75,1
1/18/2021,404.86,26.83,6.84,0
1/19/2021,439.04,25.4,2.14,0
1/20/2021,430.17,26.53,2.81,0
1/21/2021,404.47,25.83,9.36,0
1/22/2021,427.1,26.75,6.96,0
1/23/2021,453.14,30.96,14.64,1
1/24/2021,458.4,27.12,13.52,1
1/25/2021,472.76,34.44,0.94,0
1/26/2021,429.17,30.31,3.23,0
1/27/2021,443.65,29.85,1.94,0
1/28/2021,431.62,27.92,8.54,0
1/29/2021,458.51,31.19,6.18,0
1/30/2021,435.57,28.79,2.07,1
1/31/2021,470.69,30.33,2.39,1
2/1/2021,440.17,35.35,11.57,0
2/2/2021,435.34,30.19,3.55,0
2/3/2021,475.72,32.82,0.54,0
2/4/2021,453.71,29.26,1.89,0
2/5/2021,410.2,30.74,16.66,0
2/6/2021,470.07,34.49,10,1
2/7/2021,458.02,29.83,1.54,1
2/8/2021,506.1,34.85,5.75,0
2/9/2021,448.86,32.77,9.58,0
2/10/2021,437.37,30.36,0.92,0
2/11/2021,463.59,32.88,10.32,0
2/12/2021,474.99,33.69,6.91,0
2/13/2021,507.12,33.11,2.66,1
2/14/2021,480.15,28.85,7.72,1
2/15/2021,451.44,30.66,6.25,0
2/16/2021,440.33,31.74,6.56,0
2/17/2021,446.8,32.21,5.6,0
2/18/2021,459.56,33.71,2.31,0
2/19/2021,453.2,32.94,2.72,0
2/20/2021,480.45,30.02,4.13,1
2/21/2021,477.47,33.56,5.18,1
2/22/2021,469.13,34.13,8.05,0
2/23/2021,446.98,34.13,16.92,0
2/24/2021,448,35.28,5.95,0
2/25/2021,432.77,34.88,7.95,0
2/26/2021,434.1,34.23,9.25,0
2/27/2021,463.24,33.27,8.35,1
2/28/2021,468.45,30.18,2.22,1
3/1/2021,437.91,34.45,12.3,0
3/2/2021,458.92,34.09,11.04,0
3/3/2021,452.52,34.3,5.54,0
3/4/2021,455.59,31.29,2.35,0
3/5/2021,450.32,31.76,5.12,0
3/6/2021,524.4,36.1,1.06,1
3/7/2021,448.58,33.99,13.38,1
3/8/2021,504.76,35.5,2.94,0
3/9/2021,454.49,34.27,3.97,0
3/10/2021,426.07,34.33,12.75,0
3/11/2021,454.31,36.21,11.76,0
3/12/2021,502.58,33.37,6.43,0
3/13/2021,477.25,34.65,14.71,1
3/14/2021,492.66,33.59,2.16,1
3/15/2021,467.54,33.69,6.43,0
3/16/2021,454.07,33.99,2.18,0
3/17/2021,459.22,35.1,10.59,0
3/18/2021,448.07,33.74,10.34,0
3/19/2021,482.61,37.25,15.39,0
3/20/2021,473.32,32.99,5,1
3/21/2021,450.1,34.44,18.21,1
3/22/2021,448.34,33.97,2.01,0
3/23/2021,481.35,37.77,4.79,0
3/24/2021,476.7,35.29,2.08,0
3/25/2021,455.31,36.99,5.8,0
3/26/2021,462.15,31.97,2.25,0
3/27/2021,479.74,35.49,10.61,1
3/28/2021,504.81,36.75,7.08,1
3/29/2021,490.23,35.15,1.85,0
3/30/2021,469.07,37.12,8.98,0
3/31/2021,426.21,33.96,14.03,0
4/1/2021,461.5,37.82,7.57,0
4/2/2021,521.7,39.6,1.36,0
4/3/2021,484.94,34.27,4.44,1
4/4/2021,500.15,34.1,8.26,1
4/5/2021,488.67,37.89,4.12,0
4/6/2021,497.96,38.13,1.99,0
4/7/2021,460.73,33.91,11.44,0
4/8/2021,444.16,34.09,3.98,0
4/9/2021,448.27,34.35,14.04,0
4/10/2021,455.94,32.2,3.25,1
4/11/2021,473.25,33.02,3.79,1
4/12/2021,467.64,32.82,3.03,0
4/13/2021,442.15,33.26,4.39,0
4/14/2021,467.86,34.69,6.99,0
4/15/2021,449.3,35.19,2.08,0
4/16/2021,502.59,37.78,1.73,0
4/17/2021,471.43,32.64,0.9,1
4/18/2021,485.83,36.56,0.77,1
4/19/2021,446.27,34.11,1.37,0
4/20/2021,456.78,34.38,3.23,0
4/21/2021,438.83,35.78,5.72,0
4/22/2021,438.96,32.12,6.72,0
4/23/2021,480.8,35.07,5.52,0
4/24/2021,464.07,34.58,12.99,1
4/25/2021,446.59,35.16,15.77,1
4/26/2021,468.83,34.68,3.99,0
4/27/2021,492.55,38.94,2.12,0
4/28/2021,454.87,32.68,18.95,0
4/29/2021,453.61,32.82,11.17,0
4/30/2021,446.11,32.55,10.62,0
5/1/2021,490.37,32.61,3.12,1
5/2/2021,461.5,32.36,9.13,1
5/3/2021,467.36,35.92,5.56,0
5/4/2021,496.91,36.29,4.72,0
5/5/2021,427.13,32.22,4.71,0
5/6/2021,458.06,31.6,7.22,0
5/7/2021,442.34,34.11,13.27,0
5/8/2021,435.5,31.96,19.97,1
5/9/2021,475.66,34.23,3.59,1
5/10/2021,457.02,33.26,5.8,0
5/11/2021,438.68,29.72,4.63,0
5/12/2021,458.68,35.73,6.89,0
5/13/2021,461.68,36.12,4.19,0
5/14/2021,421.72,31.19,2.82,0
5/15/2021,459.55,31.52,3.6,1
5/16/2021,469.74,32.75,3.16,1
5/17/2021,456.99,32.72,4.45,0
5/18/2021,492.74,33.25,1.48,0
5/19/2021,463.48,35.83,3.21,0
5/20/2021,427.6,31.33,6.84,0
5/21/2021,425.46,29.95,6.8,0
5/22/2021,453.52,28.66,6.04,1
5/23/2021,452.94,29.83,12.51,1
5/24/2021,452.29,31.09,7.03,0
5/25/2021,460.97,34.61,12.24,0
5/26/2021,423.8,29.84,19.98,0
5/27/2021,433.16,31.19,9.29,0
5/28/2021,480.64,30.56,1.49,0
5/29/2021,466.38,32.83,6.22,1
5/30/2021,487.31,35.36,5.57,1
5/31/2021,436.89,29.1,14.02,0
6/1/2021,444.5,29.03,4.58,0
6/2/2021,421.17,31.95,2.49,0
6/3/2021,448.72,31.08,3.37,0
6/4/2021,476.1,33.25,1.54,0
6/5/2021,416.89,30.57,17.91,1
6/6/2021,463.77,28.53,5.07,1
6/7/2021,453.83,30.27,1.7,0
6/8/2021,443.8,31.15,14.86,0
6/9/2021,408.64,30.42,16.54,0
6/10/2021,451.68,29.63,5.71,0
6/11/2021,452.53,30.59,1.4,0
6/12/2021,492.78,30.63,3.44,1
6/13/2021,507.87,30.9,4.2,1
6/14/2021,458.99,29.26,5.21,0
6/15/2021,440.72,27.47,1.91,0
6/16/2021,454.82,27.93,9.82,0
6/17/2021,457.52,29.88,0.48,0
6/18/2021,392.87,25.67,10.93,0
6/19/2021,433.73,27.87,12.52,1
6/20/2021,454.87,26.18,3.73,1
6/21/2021,437.15,26.86,4.76,0
6/22/2021,401.89,29.18,13.58,0
6/23/2021,401.71,26.84,8.04,0
6/24/2021,419.11,26.38,3.84,0
6/25/2021,416.57,23.4,4.22,0
6/26/2021,452.62,27.44,7.25,1
6/27/2021,423.72,27.06,16.86,1
6/28/2021,428.48,29.93,4.32,0
6/29/2021,442.64,24.81,3.74,0
6/30/2021,402.05,25.7,5.18,0
7/1/2021,437.06,25.58,5.2,0
7/2/2021,438.71,28.07,6.36,0
7/3/2021,452.43,24.55,4.77,1
7/4/2021,416.22,25.13,11.38,1
7/5/2021,421.3,25.61,2.31,0
7/6/2021,410.06,24.6,6.88,0
7/7/2021,394.51,23.16,7.08,0
7/8/2021,419.72,24.27,2.51,0
7/9/2021,439.32,25.86,6.83,0
7/10/2021,393.57,21.49,7.21,1
7/11/2021,427.88,23.64,0.23,1
7/12/2021,393.29,21.8,2.12,0
7/13/2021,397.03,25.42,14.34,0
7/14/2021,390.92,19.82,3.07,0
7/15/2021,416.1,21.58,1.69,0
7/16/2021,415.46,23.28,0.73,0
7/17/2021,448.15,25.49,1.93,1
7/18/2021,427.09,22.07,4.61,1
7/19/2021,405.15,20.92,1.57,0
7/20/2021,422.47,25.63,8.12,0
7/21/2021,387.28,18.81,2.47,0
7/22/2021,397.64,17.15,6.39,0
7/23/2021,423.46,22.26,12.99,0
7/24/2021,406.79,20.22,12.45,1
7/25/2021,405.9,19.02,6.31,1
7/26/2021,417.36,22.32,1.81,0
7/27/2021,379.95,21.24,4.86,0
7/28/2021,387.1,19.47,6.47,0
7/29/2021,333.63,17.88,22.4,0
7/30/2021,416.37,22.03,0.72,0
7/31/2021,406.54,21.44,4.88,1
8/1/2021,397.95,19.79,7.91,1
8/2/2021,378.6,23.53,5.49,0
8/3/2021,358.25,17.55,5.96,0
8/4/2021,382.6,16.5,2.6,0
8/5/2021,357.66,18.02,9.71,0
8/6/2021,401.41,19.17,5.2,0
8/7/2021,391.85,19.61,5.94,1
8/8/2021,398.46,18.5,10.42,1
8/9/2021,378.46,19.55,3.93,0
8/10/2021,362.83,16.21,12,0
8/11/2021,381.28,21.47,1.52,0
8/12/2021,372.23,18.28,6.2,0
8/13/2021,385.16,20.55,2.46,0
8/14/2021,423.83,18.88,1.9,1
8/15/2021,388.37,18.98,16.73,1
8/16/2021,373.73,19.08,1.6,0
8/17/2021,379.98,18.72,5.28,0
8/18/2021,380.41,18.99,1.48,0
8/19/2021,392.48,20.25,11.5,0
8/20/2021,401.17,17.87,3.62,0
8/21/2021,371.5,18.78,10.38,1
8/22/2021,402.31,17.07,7.72,1
8/23/2021,347.21,20.02,20.28,0
8/24/2021,372.27,15.69,1.18,0
8/25/2021,398.97,20.54,2.1,0
8/26/2021,391.01,16.75,10,0
8/27/2021,341.48,13.87,6.42,0
8/28/2021,408.67,16.9,4.17,1
8/29/2021,342.59,15.19,17.88,1
8/30/2021,362.08,18.14,5,0
8/31/2021,370.65,15.06,2.55,0
9/1/2021,356.34,15.39,10.47,0
9/2/2021,309.35,12.42,5.13,0
9/3/2021,382.58,15.21,5.44,0
9/4/2021,327.5,11.19,8.19,1
9/5/2021,364.97,12.8,8.42,1
9/6/2021,402.85,17.41,2.07,0
9/7/2021,412.16,17.4,3.98,0
9/8/2021,374.9,16.61,1.34,0
9/9/2021,334.32,13.76,6.49,0
9/10/2021,363.96,15.54,16.54,0
9/11/2021,406.5,15.57,2.15,1
9/12/2021,376.49,13.2,1.09,1
9/13/2021,377.26,18.47,2.93,0
9/14/2021,366.8,17.17,4.14,0
9/15/2021,352.51,14.92,8.47,0
9/16/2021,374.02,15.37,3.8,0
9/17/2021,356.84,15.7,6.57,0
9/18/2021,362.56,11.16,3.31,1
9/19/2021,394.52,14.71,4.33,1
9/20/2021,341.86,13.81,2.47,0
9/21/2021,356.43,13.14,1.81,0
9/22/2021,330.24,14.55,8.69,0
9/23/2021,388.03,18.68,3.51,0
9/24/2021,338.8,16.35,6.93,0
9/25/2021,398.01,13.91,2.44,1
9/26/2021,371.12,16.18,5.03,1
9/27/2021,361.53,17.82,0.49,0
9/28/2021,371.39,16.86,3.73,0
9/29/2021,395.93,15.12,2.68,0
9/30/2021,356.83,13.71,11.19,0
10/1/2021,350.07,16.4,1.54,0
10/2/2021,369.86,15.79,4.47,1
10/3/2021,385.2,16.8,6.43,1
10/4/2021,394.72,16.29,10.14,0
10/5/2021,353.15,17.13,9.2,0
10/6/2021,346.38,13.97,4.75,0
10/7/2021,400.8,17.69,5.29,0
10/8/2021,357.93,15.47,11.18,0
10/9/2021,422.69,19.25,4.68,1
10/10/2021,366.39,13.75,5.72,1
10/11/2021,368.75,18.63,11.43,0
10/12/2021,353.4,15.58,22.12,0
10/13/2021,355.23,13.92,6.1,0
10/14/2021,373.58,14.29,7.36,0
10/15/2021,361.09,14.66,9.01,0
10/16/2021,362.64,16.19,11.36,1
10/17/2021,381.3,16.43,10.31,1
10/18/2021,379.98,14.29,3.1,0
10/19/2021,374.44,15.44,6.4,0
10/20/2021,377.81,19.83,10.36,0
10/21/2021,340.91,19.06,13,0
10/22/2021,346.78,16.53,4.48,0
10/23/2021,362.68,15.8,6.29,1
10/24/2021,378.84,16.03,6.83,1
10/25/2021,369.46,17.09,5.15,0
10/26/2021,334.95,13.88,6.17,0
10/27/2021,330.75,15.49,31.01,0
10/28/2021,336.1,12.74,4.33,0
10/29/2021,355.03,16.96,4.6,0
10/30/2021,407.08,17.54,0.96,1
10/31/2021,409.84,15.36,0.78,1
11/1/2021,414.26,19.56,7.18,0
11/2/2021,358.2,14.05,10.39,0
11/3/2021,373.8,13.67,9.11,0
11/4/2021,362.65,17.14,2.43,0
11/5/2021,409.31,18.88,8.74,0
11/6/2021,384.26,20.25,4.54,1
11/7/2021,385.39,16.07,3.7,1
11/8/2021,401.88,19.25,1.39,0
11/9/2021,356.1,17.12,2.71,0
11/10/2021,356.29,16.96,7.3,0
11/11/2021,366.93,19.18,6.35,0
11/12/2021,378.16,18.83,5.68,0
11/13/2021,412.95,14.49,0.42,1
11/14/2021,412.39,20.72,5.72,1
11/15/2021,390.16,20.64,3.06,0
11/16/2021,327.73,16.75,6.39,0
11/17/2021,378.42,18.92,11.59,0
11/18/2021,401.15,19.24,3.46,0
11/19/2021,358.2,18.91,5.41,0
11/20/2021,370.44,17.41,17.81,1
11/21/2021,397.1,17.3,6.15,1
11/22/2021,398.28,18.73,4.91,0
11/23/2021,390.5,21.26,2.47,0
11/24/2021,369.74,20.14,8.91,0
11/25/2021,381.22,18.45,2.09,0
11/26/2021,399.77,20.88,11.94,0
11/27/2021,388.47,13.78,8.04,1
11/28/2021,422.97,21.92,3.15,1
11/29/2021,391.65,16.29,2.54,0
11/30/2021,355.22,19.19,2.6,0
12/1/2021,399.39,17.82,0.8,0
12/2/2021,357.22,17.62,7.06,0
12/3/2021,438.94,22.69,0.5,0
12/4/2021,392.6,19.58,4.67,1
12/5/2021,405.15,21.37,4.44,1
12/6/2021,404.43,20.73,3.84,0
12/7/2021,405.53,21.94,7.02,0
12/8/2021,393.48,21.3,3.16,0
12/9/2021,387.79,18.74,5.73,0
12/10/2021,400.84,23.46,11.94,0
12/11/2021,413.82,20.64,7.63,1
12/12/2021,400.17,18.67,3.57,1
12/13/2021,402.99,21.09,5.03,0
12/14/2021,439,25.12,3.84,0
12/15/2021,392.74,23.98,4.39,0
12/16/2021,384.41,21.75,5.87,0
12/17/2021,407.34,21.91,1.32,0
12/18/2021,412.82,22.14,1.01,1
12/19/2021,423.91,27.1,2.28,1
12/20/2021,421.28,23.88,7.26,0
12/21/2021,371.32,24.15,7.99,0
12/22/2021,403.86,25.52,8.84,0
12/23/2021,427.18,24.1,2.36,0
12/24/2021,409.62,23.28,5.39,0
12/25/2021,424.75,23.58,3.66,1
12/26/2021,414.45,24,4.54,1
12/27/2021,419.13,24.24,3.61,0
12/28/2021,402.64,25.94,6.12,0
12/29/2021,422.13,24.76,2.83,0
12/30/2021,411.48,26.29,11.05,0
12/31/2021,404.23,24.84,11.12,0
1/1/2022,422.84,25.33,7.1,1
1/2/2022,436.9,21.35,10.18,1
1/3/2022,439.59,27.35,1.27,0
1/4/2022,404.75,26.38,11.49,0
1/5/2022,430,27.86,6.62,0
1/6/2022,383.62,20.24,2.98,0
1/7/2022,440.65,30.38,2.72,0
1/8/2022,457.99,26.09,14.18,1
1/9/2022,434.4,28.76,8.94,1
1/10/2022,413.12,24.63,4.44,0
1/11/2022,431.2,28.11,1.25,0
1/12/2022,385.35,24.94,11.89,0
1/13/2022,432.53,25.97,1.82,0
1/14/2022,449.19,31.21,3.71,0
1/15/2022,460.65,27.17,4.44,1
1/16/2022,467.56,28.15,2.69,1
1/17/2022,453.07,29.62,4.28,0
1/18/2022,421.48,29.04,4.97,0
1/19/2022,443.76,28.51,4.21,0
1/20/2022,442.82,29.11,6.34,0
1/21/2022,422.35,33.34,14.53,0
1/22/2022,455.5,28.58,1.32,1
1/23/2022,433.18,29.26,5.64,1
1/24/2022,461.94,31.12,1.84,0
1/25/2022,464.52,31.38,1.18,0
1/26/2022,460.65,31.7,9.66,0
1/27/2022,438.36,30.76,6,0
1/28/2022,441.31,27.35,1.1,0
1/29/2022,491.53,33.05,4.28,1
1/30/2022,442.35,27.65,2.28,1
1/31/2022,431.07,30.69,4.4,0
2/1/2022,416.4,28.73,8.19,0
2/2/2022,430.79,30.25,7.61,0
2/3/2022,435.6,31.18,3.63,0
2/4/2022,426.41,31.31,9.97,0
2/5/2022,466.33,31.65,12.57,1
2/6/2022,472.85,34.17,8.29,1
2/7/2022,458.28,31.99,3.14,0
2/8/2022,436.37,30.73,4.51,0
2/9/2022,428.72,33.28,14.22,0
2/10/2022,465.9,33.87,3.85,0
2/11/2022,432.44,29.16,7.63,0
2/12/2022,491.06,32.94,2.65,1
2/13/2022,485.85,33.27,10.02,1
2/14/2022,441.85,31.4,2.39,0
2/15/2022,477.92,34.87,4.67,0
2/16/2022,428.61,31.94,7.44,0
2/17/2022,461.78,32.61,16.18,0
2/18/2022,436.98,32.12,5.92,0
2/19/2022,485.33,32.61,4.05,1
2/20/2022,448.59,30.5,3.81,1
2/21/2022,427.9,29.92,9.72,0
2/22/2022,489.65,36.1,7.01,0
2/23/2022,428.18,31.32,8.08,0
2/24/2022,461.61,31.13,13.56,0
2/25/2022,433.99,28.91,5.24,0
2/26/2022,481.49,32.03,6.66,1
2/27/2022,472.31,30.76,3.77,1
2/28/2022,485.64,36.78,2.57,0
3/1/2022,450.59,35.61,3.03,0
3/2/2022,453.84,32.3,0.28,0
3/3/2022,494.49,38.26,7.38,0
3/4/2022,460.16,35.8,6.85,0
3/5/2022,473.89,33.27,7.27,1
3/6/2022,436.95,29,2.41,1
3/7/2022,479.05,38.65,3.07,0
3/8/2022,467.68,31.36,2.99,0
3/9/2022,413.97,30.92,10.69,0
3/10/2022,480.84,36.32,5.76,0
3/11/2022,488.37,39.22,5.19,0
3/12/2022,485.08,37.17,8.61,1
3/13/2022,487.73,35.58,2.99,1
3/14/2022,458.05,35.7,6.54,0
3/15/2022,440.17,36.27,17.57,0
3/16/2022,470.89,36.13,11.85,0
3/17/2022,456.68,35.22,6.47,0
3/18/2022,490.97,34.91,5.34,0
3/19/2022,483.12,34.62,7.23,1
3/20/2022,451.79,33.27,12.96,1
3/21/2022,461.16,34.25,12.35,0
3/22/2022,437.8,31.46,14.43,0
3/23/2022,436.57,34.68,6,0
3/24/2022,448.1,32.92,0.49,0
3/25/2022,428.32,32.72,16.76,0
3/26/2022,467.64,35.3,2.56,1
3/27/2022,523.05,37.74,8.51,1
3/28/2022,495.37,36.81,0.51,0
3/29/2022,448.79,31.84,5.11,0
3/30/2022,452.21,33.01,3.86,0
3/31/2022,446.51,36.88,14.45,0
4/1/2022,422.65,33.03,6.53,0
4/2/2022,456.62,34.55,5.07,1
4/3/2022,514.87,36.1,7.06,1
4/4/2022,488.59,33.05,0.14,0
4/5/2022,461.44,35.19,2.94,0
4/6/2022,468.44,32.3,3.34,0
4/7/2022,460.59,33.75,7.88,0
4/8/2022,483.08,35.57,2.07,0
4/9/2022,445.63,31.73,5.81,1
4/10/2022,462.32,35.77,4.7,1
4/11/2022,485.69,34.82,3.08,0
4/12/2022,443.48,35.93,3.25,0
4/13/2022,464.66,35.24,4.67,0
4/14/2022,480.51,37.49,0.71,0
4/15/2022,450.58,34.97,8.69,0
4/16/2022,488.73,33.82,2.54,1
4/17/2022,476.11,34.88,4.06,1
4/18/2022,456.11,35.67,14.1,0
4/19/2022,457.7,34.63,8.79,0
4/20/2022,500.83,34.56,1.74,0
4/21/2022,444.15,33.02,0.1,0
4/22/2022,451.09,33.04,7.28,0
4/23/2022,475.6,31.5,4.19,1
4/24/2022,493.19,37.74,5.84,1
4/25/2022,421.2,31.69,8.59,0
4/26/2022,463.36,32.72,9.55,0
4/27/2022,460.92,32.6,3.56,0
4/28/2022,450.52,35.75,4.61,0
4/29/2022,459.67,33.29,6.68,0
4/30/2022,513,36.3,7,1
5/1/2022,469.72,32.37,5.79,1
5/2/2022,444.77,34.19,13.07,0
5/3/2022,468.99,31.87,6.95,0
5/4/2022,457.15,37.74,8.5,0
5/5/2022,468.51,30.98,6.16,0
5/6/2022,479.89,33.88,2.06,0
5/7/2022,472.45,34.43,2.93,1
5/8/2022,476.11,33.89,1.66,1
5/9/2022,434.5,32.59,10.29,0
5/10/2022,433.29,32.6,1.1,0
5/11/2022,459.17,32.84,4.46,0
5/12/2022,441.1,32.34,3.72,0
5/13/2022,469.44,34.45,3.64,0
5/14/2022,476.99,36.83,3.91,1
5/15/2022,460.3,31.18,14.73,1
5/16/2022,456.95,29.44,0.65,0
5/17/2022,424.83,31.88,11.99,0
5/18/2022,482.49,37.09,4.18,0
5/19/2022,434,30.2,9.12,0
5/20/2022,486.4,34.96,5.32,0
5/21/2022,475.37,34.91,1.84,1
5/22/2022,443.75,30.31,12.77,1
5/23/2022,429.58,32.43,11.47,0
5/24/2022,468.77,34.41,1.97,0
5/25/2022,443.93,30.26,7.68,0
5/26/2022,436.49,30.47,3.05,0
5/27/2022,440.11,29.57,1.15,0
5/28/2022,472.22,28.57,2.55,1
5/29/2022,461.59,29.15,12.27,1
5/30/2022,428.14,27.86,9.28,0
5/31/2022,441.18,30.23,3.94,0
6/1/2022,414.25,28.47,12.31,0
6/2/2022,438.11,30.33,10.88,0
6/3/2022,431.31,26.6,2.55,0
6/4/2022,417.69,30.22,14.34,1
6/5/2022,476.56,31.07,3.69,1
6/6/2022,405.17,25.26,4.12,0
6/7/2022,426.61,29.84,0.67,0
6/8/2022,425.94,31.39,3,0
6/9/2022,419.57,26.36,4.49,0
6/10/2022,431.99,31.96,6.29,0
6/11/2022,427.89,29.29,1.84,1
6/12/2022,443.73,26.88,2.66,1
6/13/2022,403.64,28.02,14.55,0
6/14/2022,422.38,29.08,10.4,0
6/15/2022,406.9,27.95,11.72,0
6/16/2022,461.44,28.71,4.79,0
6/17/2022,423.05,25.63,6.43,0
6/18/2022,435.11,27.64,7.8,1
6/19/2022,411.77,24.31,14.41,1
6/20/2022,452.7,26.74,1.12,0
6/21/2022,432.78,24.99,3.26,0
6/22/2022,392.83,25.16,6,0
6/23/2022,419.35,28.93,5.34,0
6/24/2022,425.36,28.47,2.63,0
6/25/2022,435.42,27.33,7.33,1
6/26/2022,423.13,23.76,3.37,1
6/27/2022,416.12,25.14,5.05,0
6/28/2022,436.98,28.03,7.1,0
6/29/2022,435.1,25.71,3.5,0
6/30/2022,427.09,29.9,8.75,0
7/1/2022,385.09,25.87,9.88,0
7/2/2022,425.45,25.3,2.72,1
7/3/2022,426.12,24.12,3.35,1
7/4/2022,401.28,24.84,2.11,0
7/5/2022,427.65,24.09,4.96,0
7/6/2022,397.95,25.64,6.29,0
7/7/2022,431.52,25.97,3.79,0
7/8/2022,374.01,22.31,6.16,0
7/9/2022,428.56,21.05,3.28,1
7/10/2022,410.53,19.87,3.37,1
7/11/2022,431.58,24.39,6.53,0
7/12/2022,380.9,21,3.55,0
7/13/2022,375.66,18.73,4.76,0
7/14/2022,399.26,23.64,6.69,0
7/15/2022,423.94,27.68,6.09,0
7/16/2022,420.77,22.52,3.31,1
7/17/2022,414.17,24.04,10.57,1
7/18/2022,391.55,22.36,7.55,0
7/19/2022,366.1,21.84,6,0
7/20/2022,429.73,23.71,1.85,0
7/21/2022,437.66,21.13,5.44,0
7/22/2022,408.98,22.08,2.95,0
7/23/2022,398.76,22.03,7.17,1
7/24/2022,403.73,19.89,0.09,1
7/25/2022,416.3,23.05,4.07,0
7/26/2022,402.18,20.56,3.19,0
7/27/2022,374.39,19.24,8.77,0
7/28/2022,418.23,21.67,0.7,0
7/29/2022,351.91,18.64,5.18,0
7/30/2022,418.06,20.34,7.49,1
7/31/2022,391.78,20.12,16.19,1
8/1/2022,389.14,22.16,3.36,0
8/2/2022,369.71,20.79,6.36,0
8/3/2022,398.51,19.64,0.76,0
8/4/2022,417.07,21.18,4.98,0
8/5/2022,385.31,22.18,11.09,0
8/6/2022,376.51,20.38,16.29,1
8/7/2022,404.97,19.14,6.81,1
8/8/2022,407.01,16.36,1.05,0
8/9/2022,365.45,16.72,12.3,0
8/10/2022,396.48,18.1,1.06,0
8/11/2022,401.78,17.36,1.68,0
8/12/2022,371.45,18.07,13,0
8/13/2022,391.04,18.43,4.7,1
8/14/2022,384,19.25,3.05,1
8/15/2022,359.36,17.93,8.22,0
8/16/2022,366.69,18.92,5.66,0
8/17/2022,378.79,17.95,10.43,0
8/18/2022,369.02,13.75,5.86,0
8/19/2022,369.26,15.71,5.96,0
8/20/2022,366.54,17.19,10.18,1
8/21/2022,412.2,14.94,4.65,1
8/22/2022,381.43,18.45,2.29,0
8/23/2022,392.96,20.21,8.56,0
8/24/2022,390.21,19.48,3.95,0
8/25/2022,373.24,16.51,6.21,0
8/26/2022,406.46,19.82,0.57,0
8/27/2022,385.72,17.03,4.51,1
8/28/2022,412.95,15.97,3.23,1
8/29/2022,351.82,15.32,0.55,0
8/30/2022,354.45,15.85,4.62,0
8/31/2022,387.87,15.59,4.74,0
9/1/2022,378.88,16.62,6.55,0
9/2/2022,398.77,16.52,10.97,0
9/3/2022,382.06,16.13,9.8,1
9/4/2022,423.23,16.92,3.43,1
9/5/2022,352.37,18.35,5.75,0
9/6/2022,353.28,17.79,7.24,0
9/7/2022,370.68,12.85,3.51,0
9/8/2022,324.79,10.65,1.17,0
9/9/2022,376.38,17.56,4.24,0
9/10/2022,379.43,12.9,11.28,1
9/11/2022,400.91,15.12,1.11,1
9/12/2022,361.9,13.18,2.07,0
9/13/2022,347.53,11.86,2.52,0
9/14/2022,381.32,16.5,2.1,0
9/15/2022,376.58,16.88,8.25,0
9/16/2022,355.05,14.17,2.94,0
9/17/2022,359.25,10.1,8.4,1
9/18/2022,396.57,14.15,5.17,1
9/19/2022,374.94,15.99,0.83,0
9/20/2022,354.93,12.21,3.58,0
9/21/2022,364.8,15.51,10,0
9/22/2022,372.44,15.08,5.62,0
9/23/2022,386.8,16.25,3.81,0
9/24/2022,358.57,15.31,11.37,1
9/25/2022,373.82,13.1,1.88,1
9/26/2022,373.69,17.43,3.03,0
9/27/2022,341.24,14.7,9.36,0
9/28/2022,331.55,14.96,8.13,0
9/29/2022,313.41,13.14,1.73,0
9/30/2022,374.37,14.11,7.06,0
10/1/2022,357.06,13.23,2.89,1
10/2/2022,415.76,14.66,0.51,1
10/3/2022,395.51,18.43,3.87,0
10/4/2022,321.32,12.27,16.98,0
10/5/2022,348.02,11.8,10.11,0
10/6/2022,386.66,17.98,4.82,0
10/7/2022,354.6,14.64,1.03,0
10/8/2022,387.41,13.74,0.53,1
10/9/2022,380.83,17.18,5.19,1
10/10/2022,365.92,13.92,6.73,0
10/11/2022,366.67,18.81,8.32,0
10/12/2022,365.95,16.54,7.66,0
10/13/2022,352.88,14.25,8.12,0
10/14/2022,387.39,19.57,6.15,0
10/15/2022,392.97,14.09,11.21,1
10/16/2022,394.06,16.83,3.23,1
10/17/2022,387.95,15.99,5.13,0
10/18/2022,395.74,18.04,0.83,0
10/19/2022,408,18.61,3.17,0
10/20/2022,353.11,15.61,9.93,0
10/21/2022,365.03,14.09,7.94,0
10/22/2022,401.44,16.58,0.29,1
10/23/2022,311.38,14.37,17.81,1
10/24/2022,371.47,19.82,5.63,0
10/25/2022,377.97,16.13,5.71,0
10/26/2022,377.75,15.2,3,0
10/27/2022,355.26,16.37,3.59,0
10/28/2022,359.06,13.39,5.59,0
10/29/2022,383.38,14.22,7.63,1
10/30/2022,399.96,18.64,6.36,1
10/31/2022,379.58,15.01,3.21,0
11/1/2022,375.96,14.32,2.26,0
11/2/2022,383.11,17.58,2.12,0
11/3/2022,366.25,18.97,10.46,0
11/4/2022,387.04,18.13,9.61,0
11/5/2022,406.56,18.78,7.13,1
11/6/2022,355.32,15.37,10.41,1
11/7/2022,364.97,14.14,4.53,0
11/8/2022,365.1,20.09,9.05,0
11/9/2022,353.49,16.55,7.4,0
11/10/2022,355.8,16.8,9.22,0
11/11/2022,397.2,20.07,1.92,0
11/12/2022,406.66,18.64,6.09,1
11/13/2022,399.13,18.56,3.76,1
11/14/2022,404.21,22.09,0.39,0
11/15/2022,352.22,16.6,11.61,0
11/16/2022,395.76,19.86,9.63,0
11/17/2022,335.46,18.24,6.48,0
11/18/2022,384.55,18.79,2.39,0
11/19/2022,448.8,21.44,0.79,1
11/20/2022,424.64,19.53,0.38,1
11/21/2022,411.32,19.72,3.15,0
11/22/2022,357.69,20.92,8.21,0
11/23/2022,364.71,18.19,3.79,0
11/24/2022,380.19,17.37,7.2,0
11/25/2022,393.86,17.1,7.46,0
11/26/2022,363.63,15.4,8.12,1
11/27/2022,430.87,23.59,0.62,1
11/28/2022,387.9,17.41,2.59,0
11/29/2022,360.62,19.32,7.1,0
11/30/2022,377.97,19.36,13.33,0
12/1/2022,341.44,20.68,10.91,0
12/2/2022,404.13,21.84,6.24,0
12/3/2022,392.12,22.09,11.69,1
12/4/2022,397.64,19.35,6.2,1
12/5/2022,409.31,20.34,1.08,0
12/6/2022,397.62,21.39,8.03,0
12/7/2022,380,20.49,11.16,0
12/8/2022,404.07,24.36,16.13,0
12/9/2022,379.77,22.28,3.07,0
12/10/2022,434.28,22.93,1.73,1
12/11/2022,404.76,22.95,9.07,1
12/12/2022,420.84,24.13,6.8,0
12/13/2022,409.15,22.31,6.36,0
12/14/2022,384.85,19.52,11.8,0
12/15/2022,421.99,23.08,9.04,0
12/16/2022,408.08,21.14,7.27,0
12/17/2022,418.58,21.56,3.42,1
12/18/2022,422.67,23.95,8.54,1
12/19/2022,432.83,25.43,1.65,0
12/20/2022,405.46,23.16,6.19,0
12/21/2022,420.36,23.9,4.87,0
12/22/2022,398.82,26.86,1.02,0
12/23/2022,435.13,24.11,6.81,0
12/24/2022,459.76,29,3.08,1
12/25/2022,407.78,25.1,6.69,1
12/26/2022,385.12,20.62,2.13,0
12/27/2022,378.94,25.82,9.11,0
12/28/2022,380.44,25.25,14.72,0
12/29/2022,430.73,27.24,1.65,0
12/30/2022,449.33,26.17,2.13,0
12/31/2022,447.02,24.72,1.38,1
1/1/2023,428.68,22.72,4.22,1
1/2/2023,394.37,24.93,6.62,0
1/3/2023,390.35,23.82,8.18,0
1/4/2023,399.23,24.53,6.1,0
1/5/2023,408.58,27.04,8,0
1/6/2023,432.11,29.37,4.74,0
1/7/2023,444.72,26.99,3.05,1
1/8/2023,430.46,23.98,2.18,1
1/9/2023,418.41,27.43,4.34,0
1/10/2023,443.09,29.11,2.23,0
1/11/2023,410.65,25.66,6.47,0
1/12/2023,405.45,26.78,2.27,0
1/13/2023,430.08,27.25,3.34,0
1/14/2023,426.49,25.82,10.42,1
1/15/2023,418.35,28.85,11.1,1
1/16/2023,406.78,27.48,10.87,0
1/17/2023,442.98,28.72,4.8,0
1/18/2023,408.01,26.27,3.16,0
1/19/2023,403.65,27.34,7.2,0
1/20/2023,439.6,29.82,2.31,0
1/21/2023,451.38,27.79,8.46,1
1/22/2023,502.08,32.15,2.91,1
1/23/2023,441.77,28.06,4.2,0
1/24/2023,446.41,29.46,8.59,0
1/25/2023,458.9,31.04,0.74,0
1/26/2023,416.13,26.49,3.02,0
1/27/2023,426.43,25.96,6.58,0
1/28/2023,436.39,26.58,7.62,1
1/29/2023,473.69,32.31,6.76,1
1/30/2023,421.66,28.83,4.16,0
1/31/2023,464.61,35.2,9.2,0
2/1/2023,439.49,29.11,2.11,0
2/2/2023,453.16,30.75,2.03,0
2/3/2023,453.71,33.61,6.53,0
2/4/2023,485.45,34.68,1.89,1
2/5/2023,471.83,34.93,15.05,1
2/6/2023,454.53,33.36,3.1,0
2/7/2023,423.67,33.13,9.08,0
2/8/2023,430.74,32.41,1.59,0
2/9/2023,441.33,32.91,13,0
2/10/2023,435.1,30.38,5.06,0
2/11/2023,437.91,29.98,3.03,1
2/12/2023,472.43,31.74,3.93,1
2/13/2023,451,31.53,2.62,0
2/14/2023,439.57,31.09,4.19,0
2/15/2023,467.88,33.51,1.69,0
2/16/2023,484.24,34.15,3.11,0
2/17/2023,464,32.53,8.96,0
2/18/2023,487.57,35.42,5.86,1
2/19/2023,466.08,30.3,2.07,1
2/20/2023,455.29,32.31,4.31,0
2/21/2023,439.1,31.37,11.19,0
2/22/2023,435.01,29.18,3.42,0
2/23/2023,463.11,32.85,1.88,0
2/24/2023,425.9,32.87,7.43,0
2/25/2023,501.58,36.24,0.42,1
2/26/2023,492.02,34.57,4,1
2/27/2023,425.73,31.36,11.85,0
2/28/2023,476.18,37.21,4.21,0
3/1/2023,444.31,36.03,9.58,0
3/2/2023,451.74,34.84,1.85,0
3/3/2023,461.53,33.31,4.08,0
3/4/2023,461.11,31.92,3.78,1
3/5/2023,444.94,33.18,7.14,1
3/6/2023,453.66,36.17,5.27,0
3/7/2023,448.86,37.84,12.92,0
3/8/2023,491.22,37.23,3.27,0
3/9/2023,458.41,33.23,5.22,0
3/10/2023,439.32,32.04,3.89,0
3/11/2023,474.41,34.62,4.94,1
3/12/2023,484.79,30.86,4.6,1
3/13/2023,484.97,35.1,2.29,0
3/14/2023,437.06,34.22,8.62,0
3/15/2023,479.93,33.63,2.84,0
3/16/2023,450.57,31.42,2.66,0
3/17/2023,488.25,35.68,1.09,0
3/18/2023,479.35,33.64,3.19,1
3/19/2023,494.19,32.4,2.8,1
3/20/2023,426.68,29.03,0.55,0
3/21/2023,461.61,34.76,4.18,0
3/22/2023,485.11,38.39,12.54,0
3/23/2023,452.46,38.2,1.31,0
3/24/2023,459.5,33.99,4.87,0
3/25/2023,474.49,33.72,4.1,1
3/26/2023,493.99,35.88,7.84,1
3/27/2023,464.36,32.96,8.25,0
3/28/2023,451.14,35.58,18.85,0
3/29/2023,474.17,36.52,6.01,0
3/30/2023,482.86,37.45,2.49,0
3/31/2023,462.62,34.8,3.11,0
4/1/2023,489.34,34.59,3.39,1
4/2/2023,502.3,33.24,2.9,1
4/3/2023,425.01,33.34,14.62,0
4/4/2023,450.7,34.54,7.98,0
4/5/2023,463.24,35.71,7.1,0
4/6/2023,495.13,36.79,1.93,0
4/7/2023,453.69,33.34,8.19,0
4/8/2023,503.1,37.92,10.62,1
4/9/2023,499.04,34.37,4.16,1
4/10/2023,476.93,34.84,3.08,0
4/11/2023,424.59,33.37,13.14,0
4/12/2023,469.32,29.98,2.75,0
4/13/2023,498.99,36.56,2.51,0
4/14/2023,477.82,36.23,2.15,0
4/15/2023,460.69,34.16,4.69,1
4/16/2023,458.66,34.81,6,1
4/17/2023,462.82,35.67,9.66,0
4/18/2023,432.12,31.46,7.33,0
4/19/2023,427.14,33.48,7.25,0
4/20/2023,433.22,36.07,11.73,0
4/21/2023,448.43,31.92,2.06,0
4/22/2023,495.24,34.96,1.23,1
4/23/2023,483.88,31.59,7.59,1
4/24/2023,474.11,35.18,4.52,0
4/25/2023,445.43,34.1,9.69,0
4/26/2023,450.38,30.88,4.85,0
4/27/2023,480.18,36.36,2.99,0
4/28/2023,458.21,32.49,7.66,0
4/29/2023,470.06,32.26,5.32,1
4/30/2023,496.84,34.2,4.85,1
5/1/2023,450.18,36.01,21.13,0
5/2/2023,436.98,31.6,11.13,0
5/3/2023,449.84,33.67,8.35,0
5/4/2023,474.46,34.31,5.45,0
5/5/2023,452.82,34.75,5.1,0
5/6/2023,457.65,33.62,3.91,1
5/7/2023,447.75,32.43,5.86,1
5/8/2023,438.43,31.41,3.34,0
5/9/2023,472.24,33.13,1.66,0
5/10/2023,437.6,30.71,4.81,0
5/11/2023,425.17,26.91,6.21,0
5/12/2023,440.73,33.51,9.7,0
5/13/2023,479.32,34.33,2.52,1
5/14/2023,432.78,27.69,5.13,1
5/15/2023,435.42,30.28,7.29,0
5/16/2023,450.09,33.42,7.18,0
5/17/2023,458.76,36.17,14.14,0
5/18/2023,456.24,31.97,3.98,0
5/19/2023,444.13,30.35,2.33,0
5/20/2023,443.21,31.31,5.39,1
5/21/2023,499.28,34.3,4.14,1
5/22/2023,442.2,30.13,3.58,0
5/23/2023,443.24,29.69,3.2,0
5/24/2023,462.48,30.19,6.23,0
5/25/2023,453.49,29.11,2.84,0
5/26/2023,445.61,31.12,8.35,0
5/27/2023,473.74,33.99,8.08,1
5/28/2023,462.75,31.24,6.64,1
5/29/2023,449.23,29.95,2.05,0
5/30/2023,442.66,29.72,6.03,0
5/31/2023,440.56,27.03,10.14,0
6/1/2023,478.46,31.78,8.76,0
6/2/2023,437.01,29.71,7.94,0
6/3/2023,424.3,29.35,5.08,1
6/4/2023,475.64,35.95,4.91,1
6/5/2023,454.68,30,11.25,0
6/6/2023,437.19,27.75,6.16,0
6/7/2023,435.16,28.24,6.22,0
6/8/2023,403.54,31.23,25.06,0
6/9/2023,419.37,29,3.91,0
6/10/2023,472.89,25.74,0.49,1
6/11/2023,450.39,30.29,4.37,1
6/12/2023,436.59,26.96,4.57,0
6/13/2023,427.69,31.88,6.09,0
6/14/2023,433.15,30.13,7.13,0
6/15/2023,448.21,26.91,0.61,0
6/16/2023,432.78,30.2,7.23,0
6/17/2023,442.94,27.61,4.78,1
6/18/2023,457.1,29.01,4.05,1
6/19/2023,418.45,28.1,1.02,0
6/20/2023,377.88,25.27,12.82,0
6/21/2023,431.18,25.51,3.55,0
6/22/2023,421.08,28.69,8.01,0
6/23/2023,434.56,25.79,2.49,0
6/24/2023,451.6,25.48,6.29,1
6/25/2023,450.81,24.21,4.1,1
6/26/2023,393.96,26.79,7.85,0
6/27/2023,431.04,29.9,3.99,0
6/28/2023,420.62,23.47,2.39,0
6/29/2023,425.8,25.48,4.95,0
6/30/2023,464.63,28.08,4.76,0
7/1/2023,419.03,24.93,5.99,1
7/2/2023,447.62,25.82,9.5,1
7/3/2023,414.8,22.62,1.93,0
7/4/2023,384.18,25.43,9.18,0
7/5/2023,408.56,24.02,1.67,0
7/6/2023,419.65,26.2,7.64,0
7/7/2023,390.97,26.43,7.8,0
7/8/2023,427.41,29.06,3.4,1
7/9/2023,412.74,24.87,2.6,1
7/10/2023,419.89,24.19,2.48,0
7/11/2023,400.94,23.76,5.3,0
7/12/2023,386.87,22.5,8.15,0
7/13/2023,400.82,23.71,4.47,0
7/14/2023,389.17,22.27,0.42,0
7/15/2023,421.89,23.03,3.22,1
7/16/2023,412.27,25.16,3.12,1
7/17/2023,405.37,20.35,7.1,0
7/18/2023,433.07,24.48,7.35,0
7/19/2023,377.25,24.67,5.6,0
7/20/2023,382.75,21.63,9.19,0
7/21/2023,361.95,17.46,9.65,0
7/22/2023,412.28,20.33,3.37,1
7/23/2023,450.04,23.98,2.43,1
7/24/2023,389.47,21.18,4.71,0
7/25/2023,382.82,19.07,5.59,0
7/26/2023,437.69,19.9,3.24,0
7/27/2023,352.71,22.43,28.89,0
7/28/2023,410.27,21.69,12.33,0
7/29/2023,421.35,19.96,3,1
7/30/2023,405.45,19.55,2.01,1
7/31/2023,380.36,19.35,2.8,0
8/1/2023,371.08,18.14,9.76,0
8/2/2023,378.61,23.07,9.92,0
8/3/2023,357.42,19.05,12.43,0
8/4/2023,398.82,21.98,2.37,0
8/5/2023,422.48,22.45,7.08,1
8/6/2023,448.55,21.26,2.57,1
8/7/2023,355.65,18.26,14.18,0
8/8/2023,400.99,19.79,2.44,0
8/9/2023,366.36,18.8,1.61,0
8/10/2023,396.61,16.9,1.91,0
8/11/2023,360.39,19.23,4.96,0
8/12/2023,396.28,16.09,8.07,1
8/13/2023,406.82,20.69,7.72,1
8/14/2023,380.54,17.26,1.98,0
8/15/2023,380.47,18.47,3.69,0
8/16/2023,366.41,18.51,3.31,0
8/17/2023,364.34,17.31,1.73,0
8/18/2023,400.44,18.88,3.25,0
8/19/2023,379.19,16.64,12.09,1
8/20/2023,408.44,19.22,1.51,1
8/21/2023,368.27,14.67,5.86,0
8/22/2023,364.5,17.5,12.27,0
8/23/2023,369.49,21.02,11.86,0
8/24/2023,382.89,15.04,14.61,0
8/25/2023,376.45,15.58,6.28,0
8/26/2023,397.34,17.86,6.94,1
8/27/2023,391.18,17.1,3.3,1
8/28/2023,398.04,17.34,1.48,0
8/29/2023,366.89,17.53,4.47,0
8/30/2023,354.43,17.73,10.56,0
8/31/2023,417.52,18.59,0.41,0
9/1/2023,379.13,17.1,3.42,0
9/2/2023,372.31,15.72,7.41,1
9/3/2023,397.38,17.46,5.01,1
9/4/2023,389.09,19.84,11.44,0
9/5/2023,368.12,15.7,9.85,0
9/6/2023,381.74,13.94,1.3,0
9/7/2023,360.79,18.04,5.33,0
9/8/2023,386.47,15.52,2.68,0
9/9/2023,368.76,11.35,2.65,1
9/10/2023,405.15,17.33,1.41,1
9/11/2023,378.67,14.5,5.99,0
9/12/2023,364.03,15.34,11.59,0
9/13/2023,373.15,16.13,6.38,0
9/14/2023,346.57,15.79,1.32,0
9/15/2023,373.63,16.78,4.8,0
9/16/2023,366.05,14.45,7.21,1
9/17/2023,403.12,16.31,4.54,1
9/18/2023,375.88,14.72,6.29,0
9/19/2023,373.14,16.68,2.87,0
9/20/2023,363.72,16.4,4.14,0
9/21/2023,381.8,13.27,3.94,0
9/22/2023,351.38,17.29,13,0
9/23/2023,368.12,14.02,2.02,1
9/24/2023,389.95,16.68,0.49,1
9/25/2023,345.66,15.78,12.46,0
9/26/2023,369.7,18.71,5.46,0
9/27/2023,382.26,14.57,1.65,0
9/28/2023,320.03,14.31,9.28,0
9/29/2023,346.55,14.97,7.52,0
9/30/2023,362.48,14.39,14.39,1
10/1/2023,394.59,16.6,5.78,1
10/2/2023,341.9,11.77,21.16,0
10/3/2023,378.54,12.9,4.57,0
10/4/2023,325.33,12.88,7.53,0
10/5/2023,339.43,16.93,8.29,0
10/6/2023,385.62,18.46,3.53,0
10/7/2023,377.26,14.85,3.44,1
10/8/2023,359,14.74,8.41,1
10/9/2023,373.42,15.24,1.51,0
10/10/2023,385.39,17.45,2.66,0
10/11/2023,344.97,13.3,4.47,0
10/12/2023,340.76,15.66,14.1,0
10/13/2023,357.6,17.17,8.41,0
10/14/2023,384.53,16.26,5.3,1
10/15/2023,399.98,15.68,3.27,1
10/16/2023,334.93,17.34,17.81,0
10/17/2023,330.74,9.98,4.78,0
10/18/2023,372.66,16.79,2.66,0
10/19/2023,330.76,14.18,20.02,0
10/20/2023,360.39,11.88,1.58,0
10/21/2023,410.09,16.62,11.83,1
10/22/2023,410.51,18.41,5.06,1
10/23/2023,369.39,15.45,8.4,0
10/24/2023,369.7,17.7,7.39,0
10/25/2023,364.09,19.08,8.32,0
10/26/2023,342.5,18.56,21.19,0
10/27/2023,347.49,19.28,19.14,0
10/28/2023,408.14,17.56,2.78,1
10/29/2023,362.4,16.31,7.19,1
10/30/2023,372.29,13.04,0.89,0
10/31/2023,359.52,15.83,8.94,0
11/1/2023,363.83,14.73,10.4,0
11/2/2023,392.36,20.84,0.5,0
11/3/2023,357.86,16.24,4.92,0
11/4/2023,381.8,16.93,8.39,1
11/5/2023,390.01,17.89,6.49,1
11/6/2023,393.73,16.97,1.61,0
11/7/2023,410.25,20.38,1.79,0
11/8/2023,398.84,15.85,4.48,0
11/9/2023,373.44,17.59,3.53,0
11/10/2023,321.27,15.82,3.81,0
11/11/2023,384.95,14.78,1.4,1
11/12/2023,394.75,16.31,5.12,1
11/13/2023,370.24,17.57,14.17,0
11/14/2023,385.71,16.9,1.68,0
11/15/2023,366.66,16.5,4.2,0
11/16/2023,386.17,15.19,7.75,0
11/17/2023,372.17,17.96,1.07,0
11/18/2023,381.79,15.25,5.16,1
11/19/2023,382.94,19.9,10.19,1
11/20/2023,389.58,18.68,2.05,0
11/21/2023,391.4,15.73,5.55,0
11/22/2023,369.3,18.16,9.69,0
11/23/2023,344.06,17.41,20.49,0
11/24/2023,362.35,19.69,5.33,0
11/25/2023,419.63,21.87,2.71,1
11/26/2023,409.7,15.58,2.73,1
11/27/2023,392.15,19.71,1.31,0
11/28/2023,361.87,19.3,14.93,0
11/29/2023,403.54,21.11,9.29,0
11/30/2023,393.41,20.34,1.79,0
12/1/2023,407.01,18.56,2.58,0
12/2/2023,388.07,19.57,5.27,1
12/3/2023,403.76,18.77,10.14,1
12/4/2023,423.63,22.67,7.21,0
12/5/2023,405.26,20.71,6.72,0
12/6/2023,383.5,24.63,5.82,0
12/7/2023,390.97,20.86,1.89,0
12/8/2023,384.36,19.73,5.32,0
12/9/2023,416.83,18.28,4.85,1
12/10/2023,386.72,17.86,1.29,1
12/11/2023,347.63,18.46,14.68,0
12/12/2023,381.44,22.32,3.05,0
12/13/2023,399.79,22.97,1.33,0
12/14/2023,369,18.95,3.49,0
12/15/2023,436.19,24.07,4.07,0
12/16/2023,408.22,21.48,4.74,1
12/17/2023,436.87,22.91,4.01,1
12/18/2023,420.41,26.01,4.94,0
12/19/2023,412.57,24.74,5.6,0
12/20/2023,393.25,22.58,5.39,0
12/21/2023,405.71,21.5,6.68,0
12/22/2023,384.14,19.15,6.97,0
12/23/2023,418.2,22.19,7.1,1
12/24/2023,411.2,23.38,8.39,1
12/25/2023,397.99,21.99,2.77,0
12/26/2023,422.51,23.88,2.86,0
12/27/2023,405.44,24.47,10.17,0
12/28/2023,414.86,24.03,3.58,0
12/29/2023,396.4,23.36,4.53,0
12/30/2023,466.54,25.17,4.23,1
12/31/2023,402.21,25.88,20.01,1
